{
  "project_info": {
    "project_number": "645798091467",
    "project_id": "contacts101-778e4",
    "storage_bucket": "contacts101-778e4.appspot.com"
  },
  "client": [
    {
      "client_info": {
        "mobilesdk_app_id": "1:645798091467:android:eb0f8c031ba1d97618d94e",
        "android_client_info": {
          "package_name": "com.example.contacts101"
        }
      },
      "oauth_client": [
        {
          "client_id": "645798091467-s59kkvgu0q3ll7erm38so4etgrt6dcbm.apps.googleusercontent.com",
          "client_type": 3
        }
      ],
      "api_key": [
        {
          "current_key": "AIzaSyDuEJhBWH0IsaMjvK_WrRTfF-OR0IsjY4g"
        }
      ],
      "services": {
        "appinvite_service": {
          "other_platform_oauth_client": [
            {
              "client_id": "645798091467-s59kkvgu0q3ll7erm38so4etgrt6dcbm.apps.googleusercontent.com",
              "client_type": 3
            }
          ]
        }
      }
    }
  ],
  "configuration_version": "1"
}